{"cameraMode":{"drawMode":0,"name":"Shaded","section":"Shading Mode"},"sceneLighting":true,"audioPlay":false,"sceneViewState":{"showFog":true,"showMaterialUpdate":false,"showSkybox":true,"showFlares":true,"showImageEffects":true,"showParticleSystems":true},"in2DMode":false,"pivot":{"x":0.02000001072883606,"y":0.0,"z":1.9819999933242798},"rotation":{"x":-0.2691575586795807,"y":-0.29524993896484377,"z":0.08708155900239945,"w":-0.9125779271125794},"size":2.930734395980835,"orthographic":false}